Product,Symbol,Duration Type,Expiration Date,Price
VX,VX/Q1,Monthly,2021-08-18,18.58
VX,VX/N1,Monthly,2021-07-21,18.90
VX,VX/M1,Monthly,2021-06-16,16.38
VX,VX/K1,Monthly,2021-05-19,25.21
VX,VX/J1,Monthly,2021-04-21,19.28
VX,VX/H1,Monthly,2021-03-17,20.80
VX,VX/G1,Monthly,2021-02-17,22.81
VX,VX/F1,Monthly,2021-01-20,22.59
VX,VX/Z0,Monthly,2020-12-16,23.35
VX,VX/X0,Monthly,2020-11-18,22.41
VX,VX/V0,Monthly,2020-10-21,29.07
VX,VX/U0,Monthly,2020-09-16,26.12
VX,VX/Q0,Monthly,2020-08-19,21.71
VX,VX/N0,Monthly,2020-07-22,25.45
VX,VX/M0,Monthly,2020-06-17,33.44
VX,VX/K0,Monthly,2020-05-20,28.11
VX,VX/J0,Monthly,2020-04-15,42.5100
VX,VX/H0,Monthly,2020-03-18,69.7600
VX,VX/G0,Monthly,2020-02-19,14.5100
VX,VX/F0,Monthly,2020-01-22,12.6200
VX,VX/Z9,Monthly,2019-12-18,11.9900
VX,VX/X9,Monthly,2019-11-20,13.0100
VX,VX/V9,Monthly,2019-10-16,13.7800
VX,VX/U9,Monthly,2019-09-18,14.5400
VX,VX/Q9,Monthly,2019-08-21,15.6300
VX,VX/N9,Monthly,2019-07-17,12.6900
VX,VX/M9,Monthly,2019-06-19,14.8000
VX,VX/K9,Monthly,2019-05-22,15.0100
VX,VX/J9,Monthly,2019-04-17,11.7100
VX,VX/H9,Monthly,2019-03-19,12.3500
VX,VX/G9,Monthly,2019-02-13,15.6000
VX,VX/F9,Monthly,2019-01-16,18.8700
VX,VX/Z8,Monthly,2018-12-19,26.2000
VX,VX/X8,Monthly,2018-11-21,22.0700
VX,VX/V8,Monthly,2018-10-17,17.2300
VX,VX/U8,Monthly,2018-09-19,11.9400
VX,VX/Q8,Monthly,2018-08-22,12.6100
VU,VU/N8,Monthly,2018-07-18,14.2500
VX,VX/N8,Monthly,2018-07-18,12.3800
VU,VU/M8,Monthly,2018-06-20,14.0600
VX,VX/M8,Monthly,2018-06-20,12.2700
VU,VU/K8,Monthly,2018-05-16,14.8300
VX,VX/K8,Monthly,2018-05-16,13.7900
VU,VU/J8,Monthly,2018-04-18,15.5900
VX,VX/J8,Monthly,2018-04-18,17.2600
VU,VU/H8,Monthly,2018-03-21,18.8700
VX,VX/H8,Monthly,2018-03-21,17.7600
VU,VU/G8,Monthly,2018-02-14,21.4500
VX,VX/G8,Monthly,2018-02-14,21.8700
VU,VU/F8,Monthly,2018-01-17,15.2600
VX,VX/F8,Monthly,2018-01-17,12.6100
VU,VU/Z7,Monthly,2017-12-20,14.6700
VX,VX/Z7,Monthly,2017-12-20,8.7500
VU,VU/X7,Monthly,2017-11-15,16.5900
VX,VX/X7,Monthly,2017-11-15,13.7900
VU,VU/V7,Monthly,2017-10-18,13.8800
VX,VX/V7,Monthly,2017-10-18,10.5300
VU,VU/U7,Monthly,2017-09-20,12.3800
VX,VX/U7,Monthly,2017-09-20,9.8700
VU,VU/Q7,Monthly,2017-08-16,15.6200
VX,VX/Q7,Monthly,2017-08-16,12.9500
VU,VU/N7,Monthly,2017-07-19,13.8100
VX,VX/N7,Monthly,2017-07-19,10.1100
VU,VU/M7,Monthly,2017-06-21,14.7400
VX,VX/M7,Monthly,2017-06-21,10.7100
VU,VU/K7,Monthly,2017-05-17,16.4000
VX,VX/K7,Monthly,2017-05-17,12.9800
VU,VU/J7,Monthly,2017-04-19,19.6000
VX,VX/J7,Monthly,2017-04-19,14.3700
VU,VU/H7,Monthly,2017-03-22,18.3500
VX,VX/H7,Monthly,2017-03-22,12.7400
VU,VU/G7,Monthly,2017-02-15,17.1800
VX,VX/G7,Monthly,2017-02-15,12.2600
VU,VU/F7,Monthly,2017-01-18,21.8500
VX,VX/F7,Monthly,2017-01-18,12.5200
VU,VU/Z6,Monthly,2016-12-21,16.8400
VX,VX/Z6,Monthly,2016-12-21,11.1500
VU,VU/X6,Monthly,2016-11-16,19.0000
VX,VX/X6,Monthly,2016-11-16,14.7600
VU,VU/V6,Monthly,2016-10-19,19.2800
VX,VX/V6,Monthly,2016-10-19,14.5600
VU,VU/U6,Monthly,2016-09-21,19.3300
VX,VX/U6,Monthly,2016-09-21,14.9200
VU,VU/Q6,Monthly,2016-08-17,15.7700
VX,VX/Q6,Monthly,2016-08-17,12.8000
VU,VU/N6,Monthly,2016-07-20,16.3500
VX,VX/N6,Monthly,2016-07-20,11.6200
VU,VU/M6,Monthly,2016-06-15,22.7300
VX,VX/M6,Monthly,2016-06-15,20.4400
VU,VU/K6,Monthly,2016-05-18,20.0600
VX,VX/K6,Monthly,2016-05-18,15.8900
VU,VU/J6,Monthly,2016-04-20,17.2500
VX,VX/J6,Monthly,2016-04-20,12.3800
VU,VU/H6,Monthly,2016-03-16,21.3600
VX,VX/H6,Monthly,2016-03-16,16.2200
VU,VU/G6,Monthly,2016-02-17,29.6100
VX,VX/G6,Monthly,2016-02-17,23.7600
VU,VU/F6,Monthly,2016-01-20,31.6600
VX,VX/F6,Monthly,2016-01-20,27.4000
VU,VU/Z5,Monthly,2015-12-16,20.4700
VX,VX/Z5,Monthly,2015-12-16,19.2300
VU,VU/X5,Monthly,2015-11-18,20.5700
VX,VX/X5,Monthly,2015-11-18,19.1600
VU,VU/V5,Monthly,2015-10-21,18.0800
VX,VX/V5,Monthly,2015-10-21,14.9100
VU,VU/U5,Monthly,2015-09-16,23.8300
VX,VX/U5,Monthly,2015-09-16,22.3800
VU,VU/Q5,Monthly,2015-08-19,19.6000
VX,VX/Q5,Monthly,2015-08-19,14.7800
VU,VU/N5,Monthly,2015-07-22,16.6200
VX,VX/N5,Monthly,2015-07-22,12.8200
VU,VU/M5,Monthly,2015-06-17,16.8900
VX,VX/M5,Monthly,2015-06-17,14.6700
VU,VU/K5,Monthly,2015-05-20,15.4500
VX,VX/K5,Monthly,2015-05-20,12.8000
VU,VU/J5,Monthly,2015-04-15,16.0400
VX,VX/J5,Monthly,2015-04-15,13.8100
VU,VU/H5,Monthly,2015-03-18,17.9300
VX,VX/H5,Monthly,2015-03-18,15.6700
VU,VU/G5,Monthly,2015-02-18,19.3200
VX,VX/G5,Monthly,2015-02-18,16.6400
VU,VU/F5,Monthly,2015-01-21,24.0000
VX,VX/F5,Monthly,2015-01-21,20.9700
VU,VU/Z4,Monthly,2014-12-17,25.6000
VX,VX/Z4,Monthly,2014-12-17,24.0900
VU,VU/X4,Monthly,2014-11-19,19.1900
VX,VX/X4,Monthly,2014-11-19,14.5500
VU,VU/V4,Monthly,2014-10-22,20.8500
VX,VX/V4,Monthly,2014-10-22,15.9200
VU,VU/U4,Monthly,2014-09-17,18.5200
VX,VX/U4,Monthly,2014-09-17,13.0300
VU,VU/Q4,Monthly,2014-08-20,17.5000
VX,VX/Q4,Monthly,2014-08-20,12.1500
VU,VU/N4,Monthly,2014-07-16,18.4000
VX,VX/N4,Monthly,2014-07-16,11.0300
VU,VU/M4,Monthly,2014-06-18,17.3800
VX,VX/M4,Monthly,2014-06-18,11.7400
VU,VU/K4,Monthly,2014-05-21,18.3700
VX,VX/K4,Monthly,2014-05-21,12.2700
VU,VU/J4,Monthly,2014-04-16,21.9400
VX,VX/J4,Monthly,2014-04-16,14.6700
VU,VU/H4,Monthly,2014-03-18,20.8200
VX,VX/H4,Monthly,2014-03-18,15.4600
VU,VU/G4,Monthly,2014-02-19,21.0000
VX,VX/G4,Monthly,2014-02-19,15.4700
VU,VU/F4,Monthly,2014-01-22,16.9300
VX,VX/F4,Monthly,2014-01-22,12.3600
VU,VU/Z3,Monthly,2013-12-18,19.4400
VX,VX/Z3,Monthly,2013-12-18,15.8400
VX,VX/X3,Monthly,2013-11-20,14.1200
VX,VX/V3,Monthly,2013-10-16,17.2100
VX,VX/U3,Monthly,2013-09-18,14.7700
VX,VX/Q3,Monthly,2013-08-21,16.4200
VX,VX/N3,Monthly,2013-07-17,14.4300
VX,VX/M3,Monthly,2013-06-19,17.2200
VX,VX/K3,Monthly,2013-05-22,13.1700
VX,VX34/Q1,Weekly,2021-08-25,17.24
VX,VX32/Q1,Weekly,2021-08-11,16.32
VX,VX31/Q1,Weekly,2021-08-04,18.97
VX,VX30/N1,Weekly,2021-07-28,19.00
VX,VX28/N1,Weekly,2021-07-14,16.22
VX,VX27/N1,Weekly,2021-07-07,16.47
VX,VX26/M1,Weekly,2021-06-30,16.78
VX,VX25/M1,Weekly,2021-06-23,16.30
VX,VX23/M1,Weekly,2021-06-09,16.92
VX,VX22/M1,Weekly,2021-06-02,18.04
VX,VX21/K1,Weekly,2021-05-26,18.91
VX,VX19/K1,Weekly,2021-05-12,23.29
VX,VX18/K1,Weekly,2021-05-05,18.39
VX,VX17/J1,Weekly,2021-04-28,17.38
VX,VX15/J1,Weekly,2021-04-14,16.80
VX,VX14/J1,Weekly,2021-04-07,17.74
VX,VX13/H1,Weekly,2021-03-31,19.24
VX,VX12/H1,Weekly,2021-03-24,19.85
VX,VX10/H1,Weekly,2021-03-10,22.56
VX,VX09/H1,Weekly,2021-03-02,22.89
VX,VX08/G1,Weekly,2021-02-24,24.35
VX,VX06/G1,Weekly,2021-02-10,21.59
VX,VX05/G1,Weekly,2021-02-03,24.51
VX,VX04/F1,Weekly,2021-01-27,26.18
VX,VX02/F1,Weekly,2021-01-13,23.23
VX,VX01/F1,Weekly,2021-01-06,24.99
VX,VX52/Z0,Weekly,2020-12-30,23.06
VX,VX51/Z0,Weekly,2020-12-23,23.63
VX,VX49/Z0,Weekly,2020-12-09,20.68
VX,VX48/Z0,Weekly,2020-12-01,20.17
VX,VX47/X0,Weekly,2020-11-24,22.13
VX,VX45/X0,Weekly,2020-11-11,23.96
VX,VX44/X0,Weekly,2020-11-04,30.75
VX,VX43/V0,Weekly,2020-10-28,37.91
VX,VX41/V0,Weekly,2020-10-14,26.02
VX,VX40/V0,Weekly,2020-10-07,29.58
VX,VX39/U0,Weekly,2020-09-30,25.89
VX,VX38/U0,Weekly,2020-09-23,26.34
VX,VX36/U0,Weekly,2020-09-09,30.21
VX,VX35/U0,Weekly,2020-09-02,26.57
VX,VX34/Q0,Weekly,2020-08-26,22.25
VX,VX32/Q0,Weekly,2020-08-12,22.72
VX,VX31/Q0,Weekly,2020-08-05,23.10
VX,VX30/N0,Weekly,2020-07-29,25.00
VX,VX28/N0,Weekly,2020-07-15,28.29
VX,VX27/N0,Weekly,2020-07-08,28.75
VX,VX26/N0,Weekly,2020-07-01,29.76
VX,VX25/M0,Weekly,2020-06-24,32.73
VX,VX23/M0,Weekly,2020-06-10,27.35
VX,VX22/M0,Weekly,2020-06-02,28.38
VX,VX21/K0,Weekly,2020-05-27,27.55
VX,VX19/K0,Weekly,2020-05-13,32.5300
VX,VX18/K0,Weekly,2020-05-06,32.4000
VX,VX17/J0,Weekly,2020-04-29,30.9600
VX,VX16/J0,Weekly,2020-04-22,43.4800
VX,VX14/J0,Weekly,2020-04-08,44.5400
VX,VX13/J0,Weekly,2020-04-01,58.3300
VX,VX12/H0,Weekly,2020-03-25,62.2500
VX,VX10/H0,Weekly,2020-03-10,46.8800
VX,VX09/H0,Weekly,2020-03-04,32.7100
VX,VX08/G0,Weekly,2020-02-26,26.4400
VX,VX06/G0,Weekly,2020-02-12,14.5600
VX,VX05/G0,Weekly,2020-02-05,15.4400
VX,VX04/F0,Weekly,2020-01-29,15.5900
VX,VX02/F0,Weekly,2020-01-15,12.6400
VX,VX01/F0,Weekly,2020-01-08,13.9500
VX,VX53/Z9,Weekly,2019-12-31,15.4100
VX,VX52/Z9,Weekly,2019-12-24,12.5900
VX,VX50/Z9,Weekly,2019-12-11,15.8100
VX,VX49/Z9,Weekly,2019-12-04,15.0000
VX,VX48/X9,Weekly,2019-11-27,11.6900
VX,VX46/X9,Weekly,2019-11-13,13.1800
VX,VX45/X9,Weekly,2019-11-06,13.1500
VX,VX44/V9,Weekly,2019-10-30,13.2500
VX,VX43/V9,Weekly,2019-10-23,14.6900
VX,VX41/V9,Weekly,2019-10-09,19.4800
VX,VX40/V9,Weekly,2019-10-02,19.4500
VX,VX39/U9,Weekly,2019-09-25,17.0600
VX,VX37/U9,Weekly,2019-09-11,15.2700
VX,VX36/U9,Weekly,2019-09-04,18.3600
VX,VX35/Q9,Weekly,2019-08-28,21.1300
VX,VX33/Q9,Weekly,2019-08-14,21.0100
VX,VX32/Q9,Weekly,2019-08-07,22.5900
VX,VX31/N9,Weekly,2019-07-31,13.8700
VX,VX30/N9,Weekly,2019-07-24,13.0100
VX,VX28/N9,Weekly,2019-07-10,13.6400
VX,VX27/N9,Weekly,2019-07-03,13.0100
VX,VX26/M9,Weekly,2019-06-26,15.9900
VX,VX24/M9,Weekly,2019-06-12,16.2700
VX,VX23/M9,Weekly,2019-06-05,16.9700
VX,VX22/K9,Weekly,2019-05-29,18.2200
VX,VX20/K9,Weekly,2019-05-15,19.3600
VX,VX19/K9,Weekly,2019-05-08,20.0800
VX,VX18/K9,Weekly,2019-05-01,13.1800
VX,VX17/J9,Weekly,2019-04-24,12.6300
VX,VX15/J9,Weekly,2019-04-10,13.9200
VX,VX14/J9,Weekly,2019-04-03,13.1200
VX,VX13/H9,Weekly,2019-03-27,14.8100
VX,VX11/H9,Weekly,2019-03-13,13.8400
VX,VX10/H9,Weekly,2019-03-06,15.1800
VX,VX09/G9,Weekly,2019-02-27,15.8500
VX,VX08/G9,Weekly,2019-02-20,15.1900
VX,VX06/G9,Weekly,2019-02-06,15.4000
VX,VX05/F9,Weekly,2019-01-30,18.8600
VX,VX04/F9,Weekly,2019-01-23,19.8700
VX,VX02/F9,Weekly,2019-01-09,20.0900
VX,VX01/F9,Weekly,2019-01-02,28.0900
VX,VX52/Z8,Weekly,2018-12-26,35.1300
VX,VX50/Z8,Weekly,2018-12-12,20.8600
VX,VX49/Z8,Weekly,2018-12-05,24.6000
VX,VX48/X8,Weekly,2018-11-28,18.7700
VX,VX46/X8,Weekly,2018-11-14,19.6700
VX,VX45/X8,Weekly,2018-11-07,17.4000
VX,VX44/V8,Weekly,2018-10-31,22.3100
VX,VX43/V8,Weekly,2018-10-24,21.1400
VX,VX41/V8,Weekly,2018-10-10,17.0500
VX,VX40/V8,Weekly,2018-10-03,11.4000
VX,VX39/U8,Weekly,2018-09-26,12.3000
VX,VX37/U8,Weekly,2018-09-12,13.5600
VX,VX36/U8,Weekly,2018-09-05,13.8100
VX,VX35/Q8,Weekly,2018-08-29,12.2800
VX,VX33/Q8,Weekly,2018-08-15,14.5500
VX,VX32/Q8,Weekly,2018-08-08,10.9100
VX,VX31/Q8,Weekly,2018-08-01,12.6800
VX,VX30/N8,Weekly,2018-07-25,12.9000
VX,VX28/N8,Weekly,2018-07-11,13.6600
VX,VX27/N8,Weekly,2018-07-03,15.3600
VX,VX26/M8,Weekly,2018-06-27,16.0100
VX,VX24/M8,Weekly,2018-06-13,12.2500
VX,VX23/M8,Weekly,2018-06-06,12.1200
VX,VX22/K8,Weekly,2018-05-30,16.1800
VX,VX21/K8,Weekly,2018-05-23,14.3700
VX,VX19/K8,Weekly,2018-05-09,14.4100
VX,VX18/K8,Weekly,2018-05-02,15.3500
VX,VX17/J8,Weekly,2018-04-25,18.4300
VX,VX15/J8,Weekly,2018-04-11,20.8500
VX,VX14/J8,Weekly,2018-04-04,24.1900
VX,VX13/H8,Weekly,2018-03-28,22.5900
VX,VX11/H8,Weekly,2018-03-14,16.0100
VX,VX10/H8,Weekly,2018-03-07,20.2700
VX,VX09/G8,Weekly,2018-02-27,16.4000
VX,VX08/G8,Weekly,2018-02-21,19.8900
VX,VX06/G8,Weekly,2018-02-07,29.6300
VX,VX05/F8,Weekly,2018-01-31,14.4300
VX,VX04/F8,Weekly,2018-01-24,11.3300
VX,VX02/F8,Weekly,2018-01-10,10.2900
VX,VX01/F8,Weekly,2018-01-03,9.7300
VX,VX52/Z7,Weekly,2017-12-27,10.3100
VX,VX50/Z7,Weekly,2017-12-13,9.9900
VX,VX49/Z7,Weekly,2017-12-06,11.4200
VX,VX48/X7,Weekly,2017-11-29,10.2800
VX,VX47/X7,Weekly,2017-11-22,9.7400
VX,VX45/X7,Weekly,2017-11-08,10.1000
VX,VX44/X7,Weekly,2017-11-01,9.7700
VX,VX41/V7,Weekly,2017-10-11,9.9600
VX,VX40/V7,Weekly,2017-10-04,9.6100
VX,VX39/U7,Weekly,2017-09-27,9.8300
VX,VX37/U7,Weekly,2017-09-13,10.7100
VX,VX36/U7,Weekly,2017-09-06,12.0200
VX,VX35/Q7,Weekly,2017-08-30,12.0300
VX,VX34/Q7,Weekly,2017-08-23,12.8500
VX,VX32/Q7,Weekly,2017-08-09,11.9700
VX,VX31/Q7,Weekly,2017-08-02,10.0200
VX,VX30/N7,Weekly,2017-07-26,9.1000
VX,VX28/N7,Weekly,2017-07-12,10.6800
VX,VX26/M7,Weekly,2017-06-28,10.5200
VX,VX24/M7,Weekly,2017-06-14,10.5500
VX,VX23/M7,Weekly,2017-06-07,10.2100
VX,VX22/K7,Weekly,2017-05-31,10.5800
VX,VX21/K7,Weekly,2017-05-24,10.6800
VX,VX19/K7,Weekly,2017-05-10,9.7800
VX,VX18/K7,Weekly,2017-05-03,10.9000
VX,VX17/J7,Weekly,2017-04-26,10.5000
VX,VX15/J7,Weekly,2017-04-12,16.0400
VX,VX14/J7,Weekly,2017-04-05,11.1800
VX,VX13/H7,Weekly,2017-03-29,12.0100
VX,VX11/H7,Weekly,2017-03-14,12.1200
VX,VX10/H7,Weekly,2017-03-08,11.2500
VX,VX09/H7,Weekly,2017-03-01,11.7700
VX,VX08/G7,Weekly,2017-02-22,12.0700
VX,VX06/G7,Weekly,2017-02-08,11.9800
VX,VX05/G7,Weekly,2017-02-01,11.5700
VX,VX04/F7,Weekly,2017-01-25,10.6500
VX,VX02/F7,Weekly,2017-01-11,11.9600
VX,VX01/F7,Weekly,2017-01-04,13.0000
VX,VX52/Z6,Weekly,2016-12-28,12.3000
VX,VX50/Z6,Weekly,2016-12-14,13.2800
VX,VX49/Z6,Weekly,2016-12-07,11.4900
VX,VX48/X6,Weekly,2016-11-30,12.4200
VX,VX47/X6,Weekly,2016-11-23,12.8900
VX,VX45/X6,Weekly,2016-11-09,16.6800
VX,VX44/X6,Weekly,2016-11-02,19.2700
VX,VX43/V6,Weekly,2016-10-26,14.0700
VX,VX41/V6,Weekly,2016-10-12,16.1600
VX,VX40/V6,Weekly,2016-10-05,12.9700
VX,VX39/U6,Weekly,2016-09-28,13.0500
VX,VX37/U6,Weekly,2016-09-14,17.7700
VX,VX36/U6,Weekly,2016-09-07,12.3400
VX,VX35/Q6,Weekly,2016-08-31,13.5100
VX,VX34/Q6,Weekly,2016-08-24,12.9400
VX,VX32/Q6,Weekly,2016-08-10,11.5600
VX,VX31/Q6,Weekly,2016-08-03,13.6800
VX,VX30/N6,Weekly,2016-07-27,13.1500
VX,VX28/N6,Weekly,2016-07-13,13.1400
VX,VX27/N6,Weekly,2016-07-06,16.9400
VX,VX26/M6,Weekly,2016-06-29,17.1100
VX,VX25/M6,Weekly,2016-06-22,18.4300
VX,VX23/M6,Weekly,2016-06-08,14.0600
VX,VX22/M6,Weekly,2016-06-01,15.2800
VX,VX21/K6,Weekly,2016-05-25,14.2100
VX,VX19/K6,Weekly,2016-05-11,13.5400
VX,VX18/K6,Weekly,2016-05-04,16.1200
VX,VX17/J6,Weekly,2016-04-27,14.3900
VX,VX15/J6,Weekly,2016-04-13,14.3100
VX,VX14/J6,Weekly,2016-04-06,15.8900
VX,VX13/H6,Weekly,2016-03-30,13.8500
VX,VX12/H6,Weekly,2016-03-23,14.2500
VX,VX10/H6,Weekly,2016-03-09,18.8000
VX,VX09/H6,Weekly,2016-03-02,17.7200
VX,VX08/G6,Weekly,2016-02-23,19.5100
VX,VX06/G6,Weekly,2016-02-10,25.9600
VX,VX05/G6,Weekly,2016-02-03,21.3800
VX,VX04/F6,Weekly,2016-01-27,22.5100
VX,VX02/F6,Weekly,2016-01-13,21.4600
VX,VX01/F6,Weekly,2016-01-06,21.8900
VX,VX53/Z5,Weekly,2015-12-30,16.7900
VX,VX52/Z5,Weekly,2015-12-23,15.8200
VX,VX50/Z5,Weekly,2015-12-09,18.2800
VX,VX49/Z5,Weekly,2015-12-01,15.9300
VX,VX48/X5,Weekly,2015-11-24,16.5600
VX,VX46/X5,Weekly,2015-11-11,15.3300
VX,VX45/X5,Weekly,2015-11-04,13.9000
VX,VX44/V5,Weekly,2015-10-28,14.8600
VX,VX42/V5,Weekly,2015-10-14,17.8500
VX,VX41/V5,Weekly,2015-10-07,19.0100
VX,VX40/U5,Weekly,2015-09-30,25.2100
VX,VX39/U5,Weekly,2015-09-23,22.5200
VX,VX37/U5,Weekly,2015-09-09,22.9500
VX,VX36/U5,Weekly,2015-09-02,28.3000
VX,VX35/Q5,Weekly,2015-08-26,32.0200
VX,VX33/Q5,Weekly,2015-08-12,15.4700
VX,VX32/Q5,Weekly,2015-08-05,12.1600
VXM,VXM/Q1,Monthly,2021-08-18,18.58
VXM,VXM/N1,Monthly,2021-07-21,18.90
VXM,VXM/M1,Monthly,2021-06-16,16.38
VXM,VXM/K1,Monthly,2021-05-19,25.21
VXM,VXM/J1,Monthly,2021-04-21,19.28
VXM,VXM/H1,Monthly,2021-03-17,20.80
VXM,VXM/G1,Monthly,2021-02-17,22.81
VXM,VXM/F1,Monthly,2021-01-20,22.59
VXM,VXM/Z0,Monthly,2020-12-16,23.35
VXM,VXM/X0,Monthly,2020-11-18,22.41
VXM,VXM/V0,Monthly,2020-10-21,29.07
VXM,VXM/U0,Monthly,2020-09-16,26.12
VA,VA/J1,Monthly,2021-04-16,0.0000
VA,VA/H1,Monthly,2021-03-19,0.0000
VA,VA/G1,Monthly,2021-02-19,0.0000
VA,VA/F1,Monthly,2021-01-15,0.0000
VA,VA/Z0,Monthly,2020-12-18,0.0000
VA,VA/X0,Monthly,2020-11-20,0.0000
VA,VA/V0,Monthly,2020-10-16,0.0000
VA,VA/U0,Monthly,2020-09-18,0.0000
VA,VA/Q0,Monthly,2020-08-21,0.0000
VA,VA/N0,Monthly,2020-07-17,0.0000
VA,VA/M0,Monthly,2020-06-19,0.0000
VA,VA/K0,Monthly,2020-05-15,0.0000
VA,VA/J0,Monthly,2020-04-17,0.0000
VA,VA/H0,Monthly,2020-03-20,0.0000
VA,VA/G0,Monthly,2020-02-21,0.0000
VA,VA/F0,Monthly,2020-01-17,0.0000
VA,VA/Z9,Monthly,2019-12-20,0.0000
VA,VA/X9,Monthly,2019-11-15,0.0000
VA,VA/V9,Monthly,2019-10-18,0.0000
VA,VA/U9,Monthly,2019-09-20,0.0000
VA,VA/Q9,Monthly,2019-08-16,0.0000
VA,VA/N9,Monthly,2019-07-19,0.0000
VA,VA/M9,Monthly,2019-06-21,0.0000
VA,VA/K9,Monthly,2019-05-17,0.0000
VA,VA/J9,Monthly,2019-04-18,0.0000
VA,VA/H9,Monthly,2019-03-15,0.0000
VA,VA/G9,Monthly,2019-02-15,0.0000
VA,VA/F9,Monthly,2019-01-18,0.0000
VA,VA/Z8,Monthly,2018-12-21,0.0000
VA,VA/X8,Monthly,2018-11-16,0.0000
VA,VA/V8,Monthly,2018-10-19,0.0000
VA,VA/U8,Monthly,2018-09-21,0.0000
VA,VA/Q8,Monthly,2018-08-17,0.0000
VA,VA/N8,Monthly,2018-07-20,0.0000
VA,VA/M8,Monthly,2018-06-15,0.0000
VA,VA/K8,Monthly,2018-05-18,0.0000
VA,VA/J8,Monthly,2018-04-20,0.0000
VA,VA/H8,Monthly,2018-03-16,0.0000
IBHY,IBHY/Q1,Monthly,2021-08-02,150.14
IBHY,IBHY/N1,Monthly,2021-07-01,149.97
IBHY,IBHY/M1,Monthly,2021-06-01,148.27
IBHY,IBHY/K1,Monthly,2021-05-03,148.02
IBHY,IBHY/J1,Monthly,2021-04-01,146.67
IBHY,IBHY/H1,Monthly,2021-03-01,146.42
IBHY,IBHY/G1,Monthly,2021-02-01,145.87
IBHY,IBHY/F1,Monthly,2021-01-04,145.35
IBHY,IBHY/Z0,Monthly,2020-12-01,143.39
IBHY,IBHY/X0,Monthly,2020-11-02,138.14
IBHY,IBHY/V0,Monthly,2020-10-01,137.67
IBHY,IBHY/U0,Monthly,2020-09-01,139.14
IBHY,IBHY/Q0,Monthly,2020-08-03,138.35
IBHY,IBHY/N0,Monthly,2020-07-01,132.32
IBHY,IBHY/M0,Monthly,2020-06-01,132.51
IBHY,IBHY/K0,Monthly,2020-05-01,126.4700
IBHY,IBHY/J0,Monthly,2020-04-01,120.7300
IBHY,IBHY/H0,Monthly,2020-03-02,137.3800
IBHY,IBHY/G0,Monthly,2020-02-03,139.0400
IBHY,IBHY/F0,Monthly,2020-01-02,139.5100
IBHY,IBHY/Z9,Monthly,2019-12-02,136.5200
IBHY,IBHY/X9,Monthly,2019-11-01,136.3000
IBHY,IBHY/V9,Monthly,2019-10-01,135.4100
IBHY,IBHY/Q9,Monthly,2019-08-01,134.2100
IBHY,IBHY/N9,Monthly,2019-07-01,134.0600
IBHY,IBHY/M9,Monthly,2019-06-03,130.3300
IBHY,IBHY/K9,Monthly,2019-05-01,132.2800
IBHY,IBHY/J9,Monthly,2019-04-01,130.8600
IBHY,IBHY/H9,Monthly,2019-03-01,129.4100
IBHY,IBHY/G9,Monthly,2019-02-01,127.3700
IBHY,IBHY/F9,Monthly,2019-01-02,121.5000
IBHY,IBHY/Z8,Monthly,2018-12-03,124.6800
IBHY,IBHY/X8,Monthly,2018-11-01,124.7700
IBHY,IBHY/V8,Monthly,2018-10-01,127.0700
IBIG,IBIG/Q1,Monthly,2021-08-02,151.67
IBIG,IBIG/N1,Monthly,2021-07-01,148.75
IBIG,IBIG/M1,Monthly,2021-06-01,145.71
IBIG,IBIG/K1,Monthly,2021-05-03,144.87
IBIG,IBIG/J1,Monthly,2021-04-01,144.06
IBIG,IBIG/H1,Monthly,2021-03-01,145.21
IBIG,IBIG/G1,Monthly,2021-02-01,149.01
IBIG,IBIG/F1,Monthly,2021-01-04,151.02
IBIG,IBIG/Z0,Monthly,2020-12-01,150.18
IBIG,IBIG/X0,Monthly,2020-11-02,146.38
IBIG,IBIG/V0,Monthly,2020-10-01,146.60
IBIG,IBIG/U0,Monthly,2020-09-01,147.65
IBIG,IBIG/Q0,Monthly,2020-08-03,149.38
IBIG,IBIG/N0,Monthly,2020-07-01,144.80
IBIG,IBIG/M0,Monthly,2020-06-01,141.52
IBIG,IBIG/K0,Monthly,2020-05-01,138.3200
IBIG,IBIG/J0,Monthly,2020-04-01,130.6500
IBIG,IBIG/H0,Monthly,2020-03-02,141.6900
IBIG,IBIG/G0,Monthly,2020-02-03,139.7700
IBIG,IBIG/F0,Monthly,2020-01-02,136.4800
IBIG,IBIG/Z9,Monthly,2019-12-02,134.8200
IBIG,IBIG/X9,Monthly,2019-11-01,134.9500
IBIG,IBIG/V9,Monthly,2019-10-01,134.4700
IBIG,IBIG/Q9,Monthly,2019-08-01,131.5600
IBIG,IBIG/N9,Monthly,2019-07-01,129.8100
IBIG,IBIG/M9,Monthly,2019-06-03,126.3300
IBIG,IBIG/K9,Monthly,2019-05-01,124.0600
IBIG,IBIG/J9,Monthly,2019-04-01,122.6700
IBIG,IBIG/H9,Monthly,2019-03-01,119.6100
IBIG,IBIG/G9,Monthly,2019-02-01,119.4400
IBIG,IBIG/F9,Monthly,2019-01-02,116.2900
IBIG,IBIG/Z8,Monthly,2018-12-03,114.6300
IBIG,IBIG/X8,Monthly,2018-11-01,114.4900
AMW,AMW3/Q1,Weekly,2021-08-19,9989.44
AMW,AMW2/Q1,Weekly,2021-08-12,9989.45
AMW,AMW1/Q1,Weekly,2021-08-05,9990.19
AMW,AMW4/N1,Weekly,2021-07-29,9989.49
AMW,AMW3/N1,Weekly,2021-07-22,9988.73
AMW,AMW2/N1,Weekly,2021-07-15,9988.88
AMW,AMW1/N1,Weekly,2021-07-08,9988.58
AMW,AMW5/M1,Weekly,2021-07-01,9988.79
AMW,AMW4/M1,Weekly,2021-06-24,9988.37
AMW,AMW3/M1,Weekly,2021-06-17,9990.80
AMW,AMW2/M1,Weekly,2021-06-10,9990.62
AMW,AMW1/M1,Weekly,2021-06-03,9988.94
AMW,AMW4/K1,Weekly,2021-05-27,9990.06
AMW,AMW3/K1,Weekly,2021-05-20,9991.26
AMW,AMW2/K1,Weekly,2021-05-13,9990.98
AMW,AMW1/K1,Weekly,2021-05-06,9990.55
AMW,AMW4/J1,Weekly,2021-04-29,9991.05
AMW,AMW3/J1,Weekly,2021-04-22,9990.77
AMW,AMW2/J1,Weekly,2021-04-15,9990.87
AMW,AMW1/J1,Weekly,2021-04-08,9991.02
AMW,AMW5/H1,Weekly,2021-04-01,9991.67
AMW,AMW4/H1,Weekly,2021-03-25,9991.27
AMW,AMW3/H1,Weekly,2021-03-18,9991.23
AMW,AMW2/H1,Weekly,2021-03-11,9991.03
AMW,AMW1/H1,Weekly,2021-03-04,9990.19
AMW,AMW4/G1,Weekly,2021-02-25,9990.76
AMW,AMW3/G1,Weekly,2021-02-18,9990.68
AMW,AMW2/G1,Weekly,2021-02-11,9991.17
AMW,AMW1/G1,Weekly,2021-02-04,9992.19
AMW,AMW4/F1,Weekly,2021-01-28,9991.80
AMW,AMW3/F1,Weekly,2021-01-21,9991.86
AMW,AMW2/F1,Weekly,2021-01-14,9991.41
AMW,AMW1/F1,Weekly,2021-01-07,9990.75
AMW,AMW5/Z0,Weekly,2020-12-31,9991.50
AMW,AMW4/Z0,Weekly,2020-12-24,9991.06
AMW,AMW3/Z0,Weekly,2020-12-17,9992.11
AMW,AMW2/Z0,Weekly,2020-12-10,9992.51
AMW,AMW1/Z0,Weekly,2020-12-03,9992.25
AMW,AMW3/X0,Weekly,2020-11-19,9992.28
AMW,AMW2/X0,Weekly,2020-11-12,9992.10
AMW,AMW1/X0,Weekly,2020-11-05,9991.79
AMW,AMW4/V0,Weekly,2020-10-29,9991.77
AMW,AMW3/V0,Weekly,2020-10-22,9990.87
AMW,AMW2/V0,Weekly,2020-10-15,9990.93
AMW,AMW1/V0,Weekly,2020-10-08,9990.11
AMW,AMW5/U0,Weekly,2020-10-01,9989.34
AMW,AMW4/U0,Weekly,2020-09-24,9989.32
AMW,AMW3/U0,Weekly,2020-09-17,9990.03
AMW,AMW2/U0,Weekly,2020-09-10,9989.93
AMW,AMW1/U0,Weekly,2020-09-03,9989.87
AMW,AMW4/Q0,Weekly,2020-08-27,9989.22
AMW,AMW3/Q0,Weekly,2020-08-20,9989.60
AMW,AMW2/Q0,Weekly,2020-08-13,9989.50
AMW,AMW1/Q0,Weekly,2020-08-06,9988.79
AMW,AMW5/N0,Weekly,2020-07-30,9989.77
AMW,AMW4/N0,Weekly,2020-07-23,9990.37
AMW,AMW3/N0,Weekly,2020-07-16,9991.05
AMW,AMW2/N0,Weekly,2020-07-09,9991.52
AMW,AMW1/N0,Weekly,2020-07-02,9990.46
AMW,AMW4/M0,Weekly,2020-06-25,9990.09
AMW,AMW3/M0,Weekly,2020-06-18,9990.08
AMW,AMW2/M0,Weekly,2020-06-11,9990.16
AMW,AMW1/M0,Weekly,2020-06-04,9988.38
AMW,AMW4/K0,Weekly,2020-05-28,9987.49
AMW,AMW3/K0,Weekly,2020-05-21,9986.48
AMW,AMW2/K0,Weekly,2020-05-14,9986.3700
AMW,AMW1/K0,Weekly,2020-05-07,9985.2000
AMW,AMW5/J0,Weekly,2020-04-30,9984.1700
AMW,AMW4/J0,Weekly,2020-04-23,9984.2700
AMW,AMW3/J0,Weekly,2020-04-16,9984.7500
AMW,AMW2/J0,Weekly,2020-04-09,9984.8500
AMW,AMW1/J0,Weekly,2020-04-02,9983.2000
AMW,AMW4/H0,Weekly,2020-03-26,9975.8100
AMW,AMW3/H0,Weekly,2020-03-19,9925.3900
AMW,AMW2/H0,Weekly,2020-03-12,9888.7900
AMW,AMW1/H0,Weekly,2020-03-05,9845.3100
AMW,AMW4/G0,Weekly,2020-02-27,9837.0000
AMW,AMW3/G0,Weekly,2020-02-20,9837.3800
AMW,AMW2/G0,Weekly,2020-02-13,9837.0400
AMW,AMW1/G0,Weekly,2020-02-06,9835.1500
AMW,AMW5/F0,Weekly,2020-01-30,9839.2300
AMW,AMW4/F0,Weekly,2020-01-23,9840.3000
AMW,AMW3/F0,Weekly,2020-01-16,9841.2800
AMW,AMW2/F0,Weekly,2020-01-09,9840.2000
AMW,AMW1/F0,Weekly,2020-01-02,9839.7500
AMW,AMW4/Z9,Weekly,2019-12-26,9840.4300
AMW,AMW3/Z9,Weekly,2019-12-19,9841.1400
AMW,AMW2/Z9,Weekly,2019-12-12,9840.6300
AMW,AMW1/Z9,Weekly,2019-12-05,9839.4200
AMW,AMW3/X9,Weekly,2019-11-21,9839.0500
AMW,AMW2/X9,Weekly,2019-11-14,9839.9200
AMW,AMW1/X9,Weekly,2019-11-07,9838.2400
AMW,AMW5/V9,Weekly,2019-10-31,9813.2500
AMW,AMW4/V9,Weekly,2019-10-24,9813.4900
AMW,AMW3/V9,Weekly,2019-10-17,9814.0700
AMW,AMW2/V9,Weekly,2019-10-10,9813.3100
AMW,AMW1/V9,Weekly,2019-10-03,9808.1300
AMW,AMW4/U9,Weekly,2019-09-26,9807.8600
AMW,AMW3/U9,Weekly,2019-09-19,9783.1200
AMW,AMW2/U9,Weekly,2019-09-12,9784.4300
AMW,AMW1/U9,Weekly,2019-09-05,9783.8800
AMW,AMW4/Q9,Weekly,2019-08-29,9784.0500
AMW,AMW3/Q9,Weekly,2019-08-22,9783.9200
AMB1,AMB1/N1,Monthly,2021-08-02,9989.05
AMB1,AMB1/M1,Monthly,2021-07-01,9989.63
AMB1,AMB1/K1,Monthly,2021-06-01,9990.40
AMB1,AMB1/J1,Monthly,2021-05-03,9990.92
AMB1,AMB1/H1,Monthly,2021-04-01,9991.22
AMB1,AMB1/G1,Monthly,2021-03-01,9990.87
AMB1,AMB1/F1,Monthly,2021-02-01,9991.61
AMB1,AMB1/Z0,Monthly,2021-01-04,9991.78
AMB1,AMB1/X0,Monthly,2020-12-01,9992.11
AMB1,AMB1/V0,Monthly,2020-11-02,9991.00
AMB1,AMB1/U0,Monthly,2020-10-01,9989.66
AMB1,AMB1/Q0,Monthly,2020-09-01,9989.43
AMB1,AMB1/N0,Monthly,2020-08-03,9990.53
AMB3,AMB3/H1,Monthly,2021-06-16,9990.76
AMB3,AMB3/Z0,Monthly,2021-03-17,9991.21
AMB3,AMB3/U0,Monthly,2020-12-16,9991.32
AMB3,AMB3/M0,Monthly,2020-09-16,9990.01
AMB3,AMB3/H0,Monthly,2020-06-17,9985.32
AMB3,AMB3/Z9,Monthly,2020-03-18,9848.0300
AMB3,AMB3/U9,Monthly,2019-12-18,9825.6600
AMB3,AMB3/M9,Monthly,2019-09-18,9771.3900
